A	GCA	0.421362342441262
A	GCC	1.3403369751046
A	GCG	0.283730478154122
A	GCT	1.86185890628444
C	TGC	0.281046288679091
C	TGT	0.466487725970167
D	GAC	3.82180994968124
D	GAT	1.58564906853895
E	GAA	0.500165093780472
E	GAG	0.320198811904961
F	TTC	1.49357912262378
F	TTT	0.910469465161072
G	GGA	0.479786718157913
G	GGC	2.76209837745494
G	GGG	0.320198811904961
G	GGT	1.68794900844468
H	CAC	1.41173917069919
H	CAT	0.862388493405375
I	ATA	0.320198811904961
I	ATC	1.3298992187746
I	ATT	2.07668878008649
K	AAA	0.685409597368448
K	AAG	1.54472909257665
L	CTA	0.920699459151646
L	CTC	0.159587906252952
L	CTG	0.920699459151646
L	CTT	0.097798742549886
L	TTA	1.11506934497255
L	TTG	1.96415884619018
M	ATG	0.799985530062876
N	AAC	1.59587906252952
N	AAT	0.97798742549886
P	CCA	1.59587906252952
P	CCC	0.205622879210534
P	CCG	1.59587906252952
P	CCT	0.320198811904961
Q	CAA	1.44242915267091
Q	CAG	0.159587906252952
R	AGA	1.7595589663787
R	AGG	0.17595589663787
R	CGA	0.276209837745494
R	CGC	0.276209837745494
R	CGG	0.159587906252952
R	CGT	0.430682747003159
S	TCA	0.744743562513776
S	TCC	1.47311913464263
S	TCG	0.159587906252952
S	TCT	2.29151865388854
T	ACA	0.640397623809923
T	ACC	1.14575932694427
T	ACG	0.159587906252952
T	ACT	1.78001895435985
V	GTA	0.320198811904961
V	GTC	1.26851925483116
V	GTG	0.293600827529469
V	GTT	1.97438884018075
W	TGG	1.19690929689714
Y	TAC	1.73909897839755
Y	TAT	1.06391937501968
Z	AGC	0.640397623809923
Z	AGT	0.390785770439921
