A	GCA	0.730078740042864
A	GCC	0.305567102715434
A	GCG	0.730078740042864
C	TGC	-0.855180981505751
D	GAC	-0.250163731206386
E	GAA	-2.65416162681107
F	TTC	-0.439119256766648
G	GGA	1.52771942295471
G	GGC	-0.235934841733008
G	GGG	2.59151433187886
H	CAC	-0.462081002890147
I	ATA	2.70508184190376
I	ATC	0.276907015840056
K	AAA	0.831147351918989
L	CTA	0.59089038487597
L	CTC	5.89553528801592
L	CTG	0.59089038487597
L	CTT	9.9497331236253
L	TTA	0.397009459886987
N	AAC	-0.405419783560941
P	CCA	-2.55651300920418
P	CCC	1.78208377905242
P	CCG	-2.55651300920418
Q	CAA	-5.70695325028956
R	AGA	-1.79576332543777
R	AGG	3.44222531204008
R	CGA	1.32978545001197
R	CGC	1.32978545001197
R	CGG	4.03914709408883
S	TCA	0.928160074498131
S	TCC	0.248273270956288
S	TCG	5.97001726930281
T	ACA	1.02379286561665
T	ACC	0.318474678605998
T	ACG	5.84160006018747
V	GTA	2.67953147490879
V	GTC	0.288616121369748
V	GTG	2.96926423465642
Y	TAC	-0.373690592085525
Z	AGC	-1.02141591319007
